No,x,y
1,6.516465,15.825373
2,5.141758,7.253945
3,1.874599,11.719108
4,5.714438,28.498489
5,6.264229,18.229621
実データ数N,5,5
平均,5.102298,16.305307
